{
  "version": 1,
  "author": "Aryan Kumar",
  "editor": "wokwi",
  "parts": [
    {
      "type": "wokwi-attiny85",
      "id": "tiny",
      "top": 28.1,
      "left": 141.3,
      "rotate": 90,
      "attrs": {}
    },
    { "type": "wokwi-dht22", "id": "dht1", "top": -114.9, "left": 186.6, "attrs": {} },
    {
      "type": "board-ssd1306",
      "id": "oled1",
      "top": 79.94,
      "left": 173.03,
      "attrs": { "i2cAddress": "0x3c" }
    }
  ],
  "connections": [
    [ "oled1:VCC", "dht1:VCC", "red", [ "v-57.6", "h-19.05" ] ],
    [ "dht1:SDA", "tiny:PB1", "orange", [ "v0" ] ],
    [ "tiny:VCC", "dht1:VCC", "red", [ "h0" ] ],
    [ "tiny:GND", "oled1:GND", "black", [ "h-48.8", "v16.2", "h115.2" ] ],
    [ "dht1:GND", "tiny:GND", "black", [ "v76.8", "h-134.4", "v-19.2" ] ],
    [ "oled1:SCL", "tiny:PB2", "yellow", [ "v0" ] ],
    [ "oled1:SDA", "tiny:PB0", "green", [ "v0" ] ]
  ],
  "dependencies": {}
}